DROP DATABASE tcc;
CREATE DATABASE tcc;

USE tcc;

-- MySQL dump 10.13  Distrib 5.5.44, for debian-linux-gnu (armv7l)
--
-- Host: localhost    Database: tcc
-- ------------------------------------------------------
-- Server version	5.5.44-0+deb7u1

/*!40101 SET @OLD_CHARACTER_SET_CLIENT=@@CHARACTER_SET_CLIENT */;
/*!40101 SET @OLD_CHARACTER_SET_RESULTS=@@CHARACTER_SET_RESULTS */;
/*!40101 SET @OLD_COLLATION_CONNECTION=@@COLLATION_CONNECTION */;
/*!40101 SET NAMES utf8 */;
/*!40103 SET @OLD_TIME_ZONE=@@TIME_ZONE */;
/*!40103 SET TIME_ZONE='+00:00' */;
/*!40014 SET @OLD_UNIQUE_CHECKS=@@UNIQUE_CHECKS, UNIQUE_CHECKS=0 */;
/*!40014 SET @OLD_FOREIGN_KEY_CHECKS=@@FOREIGN_KEY_CHECKS, FOREIGN_KEY_CHECKS=0 */;
/*!40101 SET @OLD_SQL_MODE=@@SQL_MODE, SQL_MODE='NO_AUTO_VALUE_ON_ZERO' */;
/*!40111 SET @OLD_SQL_NOTES=@@SQL_NOTES, SQL_NOTES=0 */;

--
-- Table structure for table `alerta`
--

DROP TABLE IF EXISTS `alerta`;
/*!40101 SET @saved_cs_client     = @@character_set_client */;
/*!40101 SET character_set_client = utf8 */;
CREATE TABLE `alerta` (
  `id` int(10) unsigned NOT NULL AUTO_INCREMENT,
  `id_circuito_fk` int(10) unsigned NOT NULL,
  `id_usuario_fk` int(10) unsigned NOT NULL,
  `potencia` float NOT NULL,
  `habilitar` tinyint(4) NOT NULL,
  `nome` varchar(255) NOT NULL,
  PRIMARY KEY (`id`),
  KEY `alerta_fl_usuario` (`id_usuario_fk`),
  KEY `alerta_fk_circuito` (`id_circuito_fk`)
) ENGINE=InnoDB AUTO_INCREMENT=6 DEFAULT CHARSET=latin1;
/*!40101 SET character_set_client = @saved_cs_client */;

--
-- Dumping data for table `alerta`
--

LOCK TABLES `alerta` WRITE;
/*!40000 ALTER TABLE `alerta` DISABLE KEYS */;
INSERT INTO `alerta` VALUES (2,1,1,50000,0,'Esse e teste'),(3,1,2,1456,0,'wqeerwe'),(4,1,3,1000,0,'Teste do Sistema'),(5,1,1,100000,1,'Mensal');
/*!40000 ALTER TABLE `alerta` ENABLE KEYS */;
UNLOCK TABLES;

--
-- Table structure for table `circuito`
--

DROP TABLE IF EXISTS `circuito`;
/*!40101 SET @saved_cs_client     = @@character_set_client */;
/*!40101 SET character_set_client = utf8 */;
CREATE TABLE `circuito` (
  `id` int(10) unsigned NOT NULL AUTO_INCREMENT,
  `nome` char(255) NOT NULL,
  PRIMARY KEY (`id`)
) ENGINE=InnoDB AUTO_INCREMENT=6 DEFAULT CHARSET=latin1;
/*!40101 SET character_set_client = @saved_cs_client */;

--
-- Dumping data for table `circuito`
--

LOCK TABLES `circuito` WRITE;
/*!40000 ALTER TABLE `circuito` DISABLE KEYS */;
INSERT INTO `circuito` VALUES (1,'Entrada da Residência'),(2,'Tomadas de uso geral'),(3,'Chuveiro'),(4,'Torneira Elétrica'),(5,'Lâmpadas');
/*!40000 ALTER TABLE `circuito` ENABLE KEYS */;
UNLOCK TABLES;

--
-- Table structure for table `instantaneo`
--

DROP TABLE IF EXISTS `instantaneo`;
/*!40101 SET @saved_cs_client     = @@character_set_client */;
/*!40101 SET character_set_client = utf8 */;
CREATE TABLE `instantaneo` (
  `hora` time NOT NULL,
  `id_circuito_fk` int(10) unsigned NOT NULL,
  `potencia` float NOT NULL DEFAULT '0',
  PRIMARY KEY (`id_circuito_fk`),
  KEY `instantaneo_fk_circuito` (`id_circuito_fk`)
) ENGINE=InnoDB DEFAULT CHARSET=latin1;
/*!40101 SET character_set_client = @saved_cs_client */;

--
-- Dumping data for table `instantaneo`
--

LOCK TABLES `instantaneo` WRITE;
/*!40000 ALTER TABLE `instantaneo` DISABLE KEYS */;
INSERT INTO `instantaneo` VALUES ('20:51:14',1,237),('20:51:14',2,0),('20:51:14',3,0),('20:51:14',4,0),('20:51:14',5,0);
/*!40000 ALTER TABLE `instantaneo` ENABLE KEYS */;
UNLOCK TABLES;

--
-- Table structure for table `media_hora_aberta`
--

DROP TABLE IF EXISTS `media_hora_aberta`;
/*!40101 SET @saved_cs_client     = @@character_set_client */;
/*!40101 SET character_set_client = utf8 */;
CREATE TABLE `media_hora_aberta` (
  `data_hora` timestamp NOT NULL DEFAULT CURRENT_TIMESTAMP ON UPDATE CURRENT_TIMESTAMP,
  `id_circuito_fk` int(10) unsigned NOT NULL,
  `potencia` float NOT NULL DEFAULT '0',
  PRIMARY KEY (`id_circuito_fk`),
  KEY `media_hora_aberta_fk_circuito` (`id_circuito_fk`)
) ENGINE=InnoDB DEFAULT CHARSET=latin1;
/*!40101 SET character_set_client = @saved_cs_client */;

--
-- Dumping data for table `media_hora_aberta`
--

LOCK TABLES `media_hora_aberta` WRITE;
/*!40000 ALTER TABLE `media_hora_aberta` DISABLE KEYS */;
INSERT INTO `media_hora_aberta` VALUES ('2015-10-27 22:51:14',1,238),('2015-10-27 22:51:14',2,0),('2015-10-27 22:51:14',3,0),('2015-10-27 22:51:14',4,0),('2015-10-27 22:51:14',5,0);
/*!40000 ALTER TABLE `media_hora_aberta` ENABLE KEYS */;
UNLOCK TABLES;

--
-- Table structure for table `media_hora_fechada`
--

DROP TABLE IF EXISTS `media_hora_fechada`;
/*!40101 SET @saved_cs_client     = @@character_set_client */;
/*!40101 SET character_set_client = utf8 */;
CREATE TABLE `media_hora_fechada` (
  `data_hora` timestamp NOT NULL DEFAULT CURRENT_TIMESTAMP ON UPDATE CURRENT_TIMESTAMP,
  `id_circuito_fk` int(10) unsigned NOT NULL,
  `potencia` float NOT NULL DEFAULT '0',
  PRIMARY KEY (`data_hora`,`id_circuito_fk`),
  KEY `media_hora_fechada_fk_circuito` (`id_circuito_fk`)
) ENGINE=InnoDB DEFAULT CHARSET=latin1;
/*!40101 SET character_set_client = @saved_cs_client */;

--
-- Dumping data for table `media_hora_fechada`
--

LOCK TABLES `media_hora_fechada` WRITE;
/*!40000 ALTER TABLE `media_hora_fechada` DISABLE KEYS */;
INSERT INTO `media_hora_fechada` VALUES ('2015-10-04 14:00:00',1,2500),('2015-10-04 15:00:00',1,169),('2015-10-04 16:00:00',1,231),('2015-10-04 16:00:00',2,0),('2015-10-04 16:00:00',3,0),('2015-10-04 16:00:00',4,0),('2015-10-04 16:00:00',5,0),('2015-10-04 17:00:00',1,420),('2015-10-04 17:00:00',2,0),('2015-10-04 17:00:00',3,0),('2015-10-04 17:00:00',4,0),('2015-10-04 17:00:00',5,0),('2015-10-04 18:00:00',1,472),('2015-10-04 18:00:00',2,0),('2015-10-04 18:00:00',3,0),('2015-10-04 18:00:00',4,0),('2015-10-04 18:00:00',5,0),('2015-10-04 19:00:00',1,349),('2015-10-04 19:00:00',2,0),('2015-10-04 19:00:00',3,0),('2015-10-04 19:00:00',4,0),('2015-10-04 19:00:00',5,0),('2015-10-06 23:00:00',1,0),('2015-10-07 00:00:00',1,0),('2015-10-07 00:00:00',2,0),('2015-10-07 00:00:00',3,0),('2015-10-07 00:00:00',4,0),('2015-10-07 00:00:00',5,0),('2015-10-07 01:00:00',1,0),('2015-10-07 01:00:00',2,0),('2015-10-07 01:00:00',3,0),('2015-10-07 01:00:00',4,0),('2015-10-07 01:00:00',5,0),('2015-10-08 01:00:00',1,0),('2015-10-08 15:00:00',1,0),('2015-10-08 15:00:00',2,0),('2015-10-08 15:00:00',3,0),('2015-10-08 15:00:00',4,0),('2015-10-08 15:00:00',5,0),('2015-10-08 16:00:00',1,0),('2015-10-08 16:00:00',2,0),('2015-10-08 16:00:00',3,0),('2015-10-08 16:00:00',4,0),('2015-10-08 16:00:00',5,0),('2015-10-08 17:00:00',1,0),('2015-10-08 17:00:00',2,0),('2015-10-08 17:00:00',3,0),('2015-10-08 17:00:00',4,0),('2015-10-08 17:00:00',5,0),('2015-10-08 22:00:00',1,0),('2015-10-08 22:00:00',2,0),('2015-10-08 22:00:00',3,0),('2015-10-08 22:00:00',4,0),('2015-10-08 22:00:00',5,0),('2015-10-10 01:00:00',1,0),('2015-10-10 01:00:00',2,0),('2015-10-10 01:00:00',3,0),('2015-10-10 01:00:00',4,0),('2015-10-10 01:00:00',5,0),('2015-10-15 20:00:00',1,0),('2015-10-15 20:00:00',2,0),('2015-10-15 20:00:00',3,0),('2015-10-15 20:00:00',4,0),('2015-10-15 20:00:00',5,0),('2015-10-15 21:00:00',1,0),('2015-10-15 21:00:00',2,1),('2015-10-15 21:00:00',3,0),('2015-10-15 21:00:00',4,0),('2015-10-15 21:00:00',5,0),('2015-10-15 22:00:00',1,0),('2015-10-15 22:00:00',2,0),('2015-10-15 22:00:00',3,0),('2015-10-15 22:00:00',4,0),('2015-10-15 22:00:00',5,0),('2015-10-15 23:00:00',1,1),('2015-10-15 23:00:00',2,0),('2015-10-15 23:00:00',3,0),('2015-10-15 23:00:00',4,0),('2015-10-15 23:00:00',5,0),('2015-10-16 00:00:00',1,0),('2015-10-16 00:00:00',2,0),('2015-10-16 00:00:00',3,0),('2015-10-16 00:00:00',4,0),('2015-10-16 00:00:00',5,0),('2015-10-16 01:00:00',1,1),('2015-10-16 01:00:00',2,1),('2015-10-16 01:00:00',3,0),('2015-10-16 01:00:00',4,0),('2015-10-16 01:00:00',5,0),('2015-10-16 02:00:00',1,0),('2015-10-16 02:00:00',2,1),('2015-10-16 02:00:00',3,0),('2015-10-16 02:00:00',4,1),('2015-10-16 02:00:00',5,0),('2015-10-16 03:00:00',1,1),('2015-10-16 03:00:00',2,1),('2015-10-16 03:00:00',3,0),('2015-10-16 03:00:00',4,0),('2015-10-16 03:00:00',5,0),('2015-10-16 04:00:00',1,0),('2015-10-16 04:00:00',2,1),('2015-10-16 04:00:00',3,0),('2015-10-16 04:00:00',4,0),('2015-10-16 04:00:00',5,0),('2015-10-16 05:00:00',1,0),('2015-10-16 05:00:00',2,1),('2015-10-16 05:00:00',3,0),('2015-10-16 05:00:00',4,0),('2015-10-16 05:00:00',5,0),('2015-10-16 06:00:00',1,1),('2015-10-16 06:00:00',2,1),('2015-10-16 06:00:00',3,0),('2015-10-16 06:00:00',4,0),('2015-10-16 06:00:00',5,0),('2015-10-16 07:00:00',1,0),('2015-10-16 07:00:00',2,1),('2015-10-16 07:00:00',3,0),('2015-10-16 07:00:00',4,0),('2015-10-16 07:00:00',5,0),('2015-10-16 08:00:00',1,0),('2015-10-16 08:00:00',2,1),('2015-10-16 08:00:00',3,0),('2015-10-16 08:00:00',4,1),('2015-10-16 08:00:00',5,0),('2015-10-16 09:00:00',1,0),('2015-10-16 09:00:00',2,1),('2015-10-16 09:00:00',3,0),('2015-10-16 09:00:00',4,0),('2015-10-16 09:00:00',5,0),('2015-10-16 10:00:00',1,0),('2015-10-16 10:00:00',2,0),('2015-10-16 10:00:00',3,0),('2015-10-16 10:00:00',4,0),('2015-10-16 10:00:00',5,0),('2015-10-16 11:00:00',1,0),('2015-10-16 11:00:00',2,0),('2015-10-16 11:00:00',3,0),('2015-10-16 11:00:00',4,0),('2015-10-16 11:00:00',5,0),('2015-10-16 12:00:00',1,0),('2015-10-16 12:00:00',2,1),('2015-10-16 12:00:00',3,0),('2015-10-16 12:00:00',4,0),('2015-10-16 12:00:00',5,0),('2015-10-16 13:00:00',1,0),('2015-10-16 13:00:00',2,1),('2015-10-16 13:00:00',3,0),('2015-10-16 13:00:00',4,0),('2015-10-16 13:00:00',5,0),('2015-10-16 14:00:00',1,0),('2015-10-16 14:00:00',2,0),('2015-10-16 14:00:00',3,0),('2015-10-16 14:00:00',4,0),('2015-10-16 14:00:00',5,0),('2015-10-16 15:00:00',1,0),('2015-10-16 15:00:00',2,0),('2015-10-16 15:00:00',3,0),('2015-10-16 15:00:00',4,0),('2015-10-16 15:00:00',5,0),('2015-10-16 16:00:00',1,1),('2015-10-16 16:00:00',2,1),('2015-10-16 16:00:00',3,0),('2015-10-16 16:00:00',4,0),('2015-10-16 16:00:00',5,0),('2015-10-16 17:00:00',1,0),('2015-10-16 17:00:00',2,0),('2015-10-16 17:00:00',3,0),('2015-10-16 17:00:00',4,0),('2015-10-16 17:00:00',5,0),('2015-10-16 18:00:00',1,0),('2015-10-16 18:00:00',2,1),('2015-10-16 18:00:00',3,0),('2015-10-16 18:00:00',4,0),('2015-10-16 18:00:00',5,0),('2015-10-16 19:00:00',1,0),('2015-10-16 19:00:00',2,1),('2015-10-16 19:00:00',3,0),('2015-10-16 19:00:00',4,0),('2015-10-16 19:00:00',5,0),('2015-10-16 20:00:00',1,0),('2015-10-16 20:00:00',2,1),('2015-10-16 20:00:00',3,0),('2015-10-16 20:00:00',4,0),('2015-10-16 20:00:00',5,0),('2015-10-16 21:00:00',1,0),('2015-10-16 21:00:00',2,0),('2015-10-16 21:00:00',3,0),('2015-10-16 21:00:00',4,0),('2015-10-16 21:00:00',5,0),('2015-10-16 22:00:00',1,0),('2015-10-16 22:00:00',2,0),('2015-10-16 22:00:00',3,0),('2015-10-16 22:00:00',4,0),('2015-10-16 22:00:00',5,0),('2015-10-16 23:00:00',1,0),('2015-10-16 23:00:00',2,0),('2015-10-16 23:00:00',3,0),('2015-10-16 23:00:00',4,0),('2015-10-16 23:00:00',5,0),('2015-10-17 00:00:00',1,0),('2015-10-17 00:00:00',2,0),('2015-10-17 00:00:00',3,0),('2015-10-17 00:00:00',4,0),('2015-10-17 00:00:00',5,0),('2015-10-17 01:00:00',1,0),('2015-10-17 01:00:00',2,0),('2015-10-17 01:00:00',3,0),('2015-10-17 01:00:00',4,0),('2015-10-17 01:00:00',5,0),('2015-10-17 11:00:00',1,0),('2015-10-17 11:00:00',2,0),('2015-10-17 11:00:00',3,0),('2015-10-17 11:00:00',4,0),('2015-10-17 11:00:00',5,0),('2015-10-17 17:00:00',1,78),('2015-10-17 17:00:00',2,0),('2015-10-17 17:00:00',3,0),('2015-10-17 17:00:00',4,0),('2015-10-17 17:00:00',5,0),('2015-10-17 18:00:00',1,250),('2015-10-17 18:00:00',2,0),('2015-10-17 18:00:00',3,0),('2015-10-17 18:00:00',4,0),('2015-10-17 18:00:00',5,0),('2015-10-17 19:00:00',1,247),('2015-10-17 19:00:00',2,0),('2015-10-17 19:00:00',3,0),('2015-10-17 19:00:00',4,0),('2015-10-17 19:00:00',5,0),('2015-10-17 20:00:00',1,374),('2015-10-17 20:00:00',2,0),('2015-10-17 20:00:00',3,0),('2015-10-17 20:00:00',4,0),('2015-10-17 20:00:00',5,0),('2015-10-17 21:00:00',1,369),('2015-10-17 21:00:00',2,0),('2015-10-17 21:00:00',3,0),('2015-10-17 21:00:00',4,0),('2015-10-17 21:00:00',5,0),('2015-10-17 22:00:00',1,308),('2015-10-17 22:00:00',2,0),('2015-10-17 22:00:00',3,0),('2015-10-17 22:00:00',4,0),('2015-10-17 22:00:00',5,0),('2015-10-17 23:00:00',1,343),('2015-10-17 23:00:00',2,0),('2015-10-17 23:00:00',3,0),('2015-10-17 23:00:00',4,0),('2015-10-17 23:00:00',5,0),('2015-10-18 00:00:00',1,335),('2015-10-18 00:00:00',2,0),('2015-10-18 00:00:00',3,0),('2015-10-18 00:00:00',4,0),('2015-10-18 00:00:00',5,0),('2015-10-18 01:00:00',1,255),('2015-10-18 01:00:00',2,0),('2015-10-18 01:00:00',3,0),('2015-10-18 01:00:00',4,0),('2015-10-18 01:00:00',5,0),('2015-10-18 02:00:00',1,127),('2015-10-18 02:00:00',2,0),('2015-10-18 02:00:00',3,0),('2015-10-18 02:00:00',4,0),('2015-10-18 02:00:00',5,0),('2015-10-18 03:00:00',1,101),('2015-10-18 03:00:00',2,0),('2015-10-18 03:00:00',3,0),('2015-10-18 03:00:00',4,0),('2015-10-18 03:00:00',5,0),('2015-10-18 04:00:00',1,82),('2015-10-18 04:00:00',2,0),('2015-10-18 04:00:00',3,0),('2015-10-18 04:00:00',4,0),('2015-10-18 04:00:00',5,0),('2015-10-18 05:00:00',1,91),('2015-10-18 05:00:00',2,0),('2015-10-18 05:00:00',3,0),('2015-10-18 05:00:00',4,0),('2015-10-18 05:00:00',5,0),('2015-10-18 06:00:00',1,86),('2015-10-18 06:00:00',2,0),('2015-10-18 06:00:00',3,0),('2015-10-18 06:00:00',4,0),('2015-10-18 06:00:00',5,0),('2015-10-18 07:00:00',1,167),('2015-10-18 07:00:00',2,0),('2015-10-18 07:00:00',3,0),('2015-10-18 07:00:00',4,0),('2015-10-18 07:00:00',5,0),('2015-10-18 08:00:00',1,132),('2015-10-18 08:00:00',2,0),('2015-10-18 08:00:00',3,0),('2015-10-18 08:00:00',4,0),('2015-10-18 08:00:00',5,0),('2015-10-18 09:00:00',1,77),('2015-10-18 09:00:00',2,0),('2015-10-18 09:00:00',3,0),('2015-10-18 09:00:00',4,0),('2015-10-18 09:00:00',5,0),('2015-10-18 10:00:00',1,164),('2015-10-18 10:00:00',2,0),('2015-10-18 10:00:00',3,0),('2015-10-18 10:00:00',4,0),('2015-10-18 10:00:00',5,0),('2015-10-18 11:00:00',1,125),('2015-10-18 11:00:00',2,0),('2015-10-18 11:00:00',3,0),('2015-10-18 11:00:00',4,0),('2015-10-18 11:00:00',5,0),('2015-10-18 12:00:00',1,704),('2015-10-18 12:00:00',2,0),('2015-10-18 12:00:00',3,0),('2015-10-18 12:00:00',4,0),('2015-10-18 12:00:00',5,0),('2015-10-18 13:00:00',1,216),('2015-10-18 13:00:00',2,0),('2015-10-18 13:00:00',3,0),('2015-10-18 13:00:00',4,0),('2015-10-18 13:00:00',5,0),('2015-10-18 14:00:00',1,473),('2015-10-18 14:00:00',2,0),('2015-10-18 14:00:00',3,0),('2015-10-18 14:00:00',4,0),('2015-10-18 14:00:00',5,0),('2015-10-18 15:00:00',1,344),('2015-10-18 15:00:00',2,0),('2015-10-18 15:00:00',3,0),('2015-10-18 15:00:00',4,0),('2015-10-18 15:00:00',5,0),('2015-10-18 16:00:00',1,247),('2015-10-18 16:00:00',2,0),('2015-10-18 16:00:00',3,0),('2015-10-18 16:00:00',4,0),('2015-10-18 16:00:00',5,0),('2015-10-18 17:00:00',1,221),('2015-10-18 17:00:00',2,0),('2015-10-18 17:00:00',3,0),('2015-10-18 17:00:00',4,0),('2015-10-18 17:00:00',5,0),('2015-10-18 18:00:00',1,229),('2015-10-18 18:00:00',2,0),('2015-10-18 18:00:00',3,0),('2015-10-18 18:00:00',4,0),('2015-10-18 18:00:00',5,0),('2015-10-18 19:00:00',1,473),('2015-10-18 19:00:00',2,0),('2015-10-18 19:00:00',3,0),('2015-10-18 19:00:00',4,0),('2015-10-18 19:00:00',5,0),('2015-10-18 20:00:00',1,448),('2015-10-18 20:00:00',2,0),('2015-10-18 20:00:00',3,0),('2015-10-18 20:00:00',4,0),('2015-10-18 20:00:00',5,0),('2015-10-18 21:00:00',1,514),('2015-10-18 21:00:00',2,0),('2015-10-18 21:00:00',3,0),('2015-10-18 21:00:00',4,0),('2015-10-18 21:00:00',5,0),('2015-10-18 22:00:00',1,488),('2015-10-18 22:00:00',2,0),('2015-10-18 22:00:00',3,0),('2015-10-18 22:00:00',4,0),('2015-10-18 22:00:00',5,0),('2015-10-18 23:00:00',1,433),('2015-10-18 23:00:00',2,0),('2015-10-18 23:00:00',3,0),('2015-10-18 23:00:00',4,0),('2015-10-18 23:00:00',5,0),('2015-10-19 00:00:00',1,521),('2015-10-19 00:00:00',2,0),('2015-10-19 00:00:00',3,0),('2015-10-19 00:00:00',4,0),('2015-10-19 00:00:00',5,0),('2015-10-19 01:00:00',1,1615),('2015-10-19 01:00:00',2,0),('2015-10-19 01:00:00',3,0),('2015-10-19 01:00:00',4,0),('2015-10-19 01:00:00',5,0),('2015-10-19 21:00:00',1,598),('2015-10-19 21:00:00',2,0),('2015-10-19 21:00:00',3,0),('2015-10-19 21:00:00',4,0),('2015-10-19 21:00:00',5,0),('2015-10-19 22:00:00',1,445),('2015-10-19 22:00:00',2,0),('2015-10-19 22:00:00',3,0),('2015-10-19 22:00:00',4,0),('2015-10-19 22:00:00',5,0),('2015-10-19 23:00:00',1,396),('2015-10-19 23:00:00',2,0),('2015-10-19 23:00:00',3,0),('2015-10-19 23:00:00',4,0),('2015-10-19 23:00:00',5,0),('2015-10-20 00:00:00',1,692),('2015-10-20 00:00:00',2,0),('2015-10-20 00:00:00',3,0),('2015-10-20 00:00:00',4,0),('2015-10-20 00:00:00',5,0),('2015-10-20 01:00:00',1,224),('2015-10-20 01:00:00',2,0),('2015-10-20 01:00:00',3,0),('2015-10-20 01:00:00',4,0),('2015-10-20 01:00:00',5,0),('2015-10-20 02:00:00',1,137),('2015-10-20 02:00:00',2,0),('2015-10-20 02:00:00',3,0),('2015-10-20 02:00:00',4,0),('2015-10-20 02:00:00',5,0),('2015-10-20 03:00:00',1,100),('2015-10-20 03:00:00',2,0),('2015-10-20 03:00:00',3,0),('2015-10-20 03:00:00',4,0),('2015-10-20 03:00:00',5,0),('2015-10-20 04:00:00',1,91),('2015-10-20 04:00:00',2,0),('2015-10-20 04:00:00',3,0),('2015-10-20 04:00:00',4,0),('2015-10-20 04:00:00',5,0),('2015-10-20 05:00:00',1,101),('2015-10-20 05:00:00',2,0),('2015-10-20 05:00:00',3,0),('2015-10-20 05:00:00',4,0),('2015-10-20 05:00:00',5,0),('2015-10-20 06:00:00',1,213),('2015-10-20 06:00:00',2,0),('2015-10-20 06:00:00',3,0),('2015-10-20 06:00:00',4,0),('2015-10-20 06:00:00',5,0),('2015-10-20 07:00:00',1,204),('2015-10-20 07:00:00',2,0),('2015-10-20 07:00:00',3,0),('2015-10-20 07:00:00',4,0),('2015-10-20 07:00:00',5,0),('2015-10-20 08:00:00',1,126),('2015-10-20 08:00:00',2,0),('2015-10-20 08:00:00',3,0),('2015-10-20 08:00:00',4,0),('2015-10-20 08:00:00',5,0),('2015-10-20 09:00:00',1,171),('2015-10-20 09:00:00',2,0),('2015-10-20 09:00:00',3,0),('2015-10-20 09:00:00',4,0),('2015-10-20 09:00:00',5,0),('2015-10-20 10:00:00',1,135),('2015-10-20 10:00:00',2,0),('2015-10-20 10:00:00',3,0),('2015-10-20 10:00:00',4,0),('2015-10-20 10:00:00',5,0),('2015-10-20 11:00:00',1,111),('2015-10-20 11:00:00',2,0),('2015-10-20 11:00:00',3,0),('2015-10-20 11:00:00',4,0),('2015-10-20 11:00:00',5,0),('2015-10-20 12:00:00',1,188),('2015-10-20 12:00:00',2,0),('2015-10-20 12:00:00',3,0),('2015-10-20 12:00:00',4,0),('2015-10-20 12:00:00',5,0),('2015-10-20 13:00:00',1,597),('2015-10-20 13:00:00',2,0),('2015-10-20 13:00:00',3,0),('2015-10-20 13:00:00',4,0),('2015-10-20 13:00:00',5,0),('2015-10-20 14:00:00',1,391),('2015-10-20 14:00:00',2,0),('2015-10-20 14:00:00',3,0),('2015-10-20 14:00:00',4,0),('2015-10-20 14:00:00',5,0),('2015-10-20 15:00:00',1,489),('2015-10-20 15:00:00',2,0),('2015-10-20 15:00:00',3,0),('2015-10-20 15:00:00',4,0),('2015-10-20 15:00:00',5,0),('2015-10-20 16:00:00',1,190),('2015-10-20 16:00:00',2,0),('2015-10-20 16:00:00',3,0),('2015-10-20 16:00:00',4,0),('2015-10-20 16:00:00',5,0),('2015-10-20 17:00:00',1,172),('2015-10-20 17:00:00',2,0),('2015-10-20 17:00:00',3,0),('2015-10-20 17:00:00',4,0),('2015-10-20 17:00:00',5,0),('2015-10-20 18:00:00',1,234),('2015-10-20 18:00:00',2,0),('2015-10-20 18:00:00',3,0),('2015-10-20 18:00:00',4,0),('2015-10-20 18:00:00',5,0),('2015-10-20 19:00:00',1,372),('2015-10-20 19:00:00',2,0),('2015-10-20 19:00:00',3,0),('2015-10-20 19:00:00',4,0),('2015-10-20 19:00:00',5,0),('2015-10-20 20:00:00',1,302),('2015-10-20 20:00:00',2,0),('2015-10-20 20:00:00',3,0),('2015-10-20 20:00:00',4,0),('2015-10-20 20:00:00',5,0),('2015-10-20 21:00:00',1,593),('2015-10-20 21:00:00',2,0),('2015-10-20 21:00:00',3,0),('2015-10-20 21:00:00',4,0),('2015-10-20 21:00:00',5,0),('2015-10-20 22:00:00',1,1181),('2015-10-20 22:00:00',2,0),('2015-10-20 22:00:00',3,0),('2015-10-20 22:00:00',4,0),('2015-10-20 22:00:00',5,0),('2015-10-20 23:00:00',1,681),('2015-10-20 23:00:00',2,0),('2015-10-20 23:00:00',3,0),('2015-10-20 23:00:00',4,0),('2015-10-20 23:00:00',5,0),('2015-10-21 00:00:00',1,514),('2015-10-21 00:00:00',2,0),('2015-10-21 00:00:00',3,0),('2015-10-21 00:00:00',4,0),('2015-10-21 00:00:00',5,0),('2015-10-21 01:00:00',1,163),('2015-10-21 01:00:00',2,0),('2015-10-21 01:00:00',3,0),('2015-10-21 01:00:00',4,0),('2015-10-21 01:00:00',5,0),('2015-10-21 02:00:00',1,137),('2015-10-21 02:00:00',2,0),('2015-10-21 02:00:00',3,0),('2015-10-21 02:00:00',4,0),('2015-10-21 02:00:00',5,0),('2015-10-21 03:00:00',1,142),('2015-10-21 03:00:00',2,0),('2015-10-21 03:00:00',3,0),('2015-10-21 03:00:00',4,0),('2015-10-21 03:00:00',5,0),('2015-10-21 04:00:00',1,137),('2015-10-21 04:00:00',2,0),('2015-10-21 04:00:00',3,0),('2015-10-21 04:00:00',4,0),('2015-10-21 04:00:00',5,0),('2015-10-21 05:00:00',1,141),('2015-10-21 05:00:00',2,0),('2015-10-21 05:00:00',3,0),('2015-10-21 05:00:00',4,0),('2015-10-21 05:00:00',5,0),('2015-10-21 06:00:00',1,127),('2015-10-21 06:00:00',2,0),('2015-10-21 06:00:00',3,0),('2015-10-21 06:00:00',4,0),('2015-10-21 06:00:00',5,0),('2015-10-21 07:00:00',1,107),('2015-10-21 07:00:00',2,0),('2015-10-21 07:00:00',3,0),('2015-10-21 07:00:00',4,0),('2015-10-21 07:00:00',5,0),('2015-10-21 08:00:00',1,108),('2015-10-21 08:00:00',2,0),('2015-10-21 08:00:00',3,0),('2015-10-21 08:00:00',4,0),('2015-10-21 08:00:00',5,0),('2015-10-21 09:00:00',1,138),('2015-10-21 09:00:00',2,0),('2015-10-21 09:00:00',3,0),('2015-10-21 09:00:00',4,0),('2015-10-21 09:00:00',5,0),('2015-10-21 10:00:00',1,134),('2015-10-21 10:00:00',2,0),('2015-10-21 10:00:00',3,0),('2015-10-21 10:00:00',4,0),('2015-10-21 10:00:00',5,0),('2015-10-21 11:00:00',1,134),('2015-10-21 11:00:00',2,0),('2015-10-21 11:00:00',3,0),('2015-10-21 11:00:00',4,0),('2015-10-21 11:00:00',5,0),('2015-10-21 12:00:00',1,229),('2015-10-21 12:00:00',2,0),('2015-10-21 12:00:00',3,0),('2015-10-21 12:00:00',4,0),('2015-10-21 12:00:00',5,0),('2015-10-21 13:00:00',1,234),('2015-10-21 13:00:00',2,0),('2015-10-21 13:00:00',3,0),('2015-10-21 13:00:00',4,0),('2015-10-21 13:00:00',5,0),('2015-10-21 14:00:00',1,348),('2015-10-21 14:00:00',2,0),('2015-10-21 14:00:00',3,0),('2015-10-21 14:00:00',4,0),('2015-10-21 14:00:00',5,0),('2015-10-21 15:00:00',1,264),('2015-10-21 15:00:00',2,0),('2015-10-21 15:00:00',3,0),('2015-10-21 15:00:00',4,0),('2015-10-21 15:00:00',5,0),('2015-10-21 16:00:00',1,236),('2015-10-21 16:00:00',2,0),('2015-10-21 16:00:00',3,0),('2015-10-21 16:00:00',4,0),('2015-10-21 16:00:00',5,0),('2015-10-21 17:00:00',1,195),('2015-10-21 17:00:00',2,0),('2015-10-21 17:00:00',3,0),('2015-10-21 17:00:00',4,0),('2015-10-21 17:00:00',5,0),('2015-10-21 18:00:00',1,193),('2015-10-21 18:00:00',2,0),('2015-10-21 18:00:00',3,0),('2015-10-21 18:00:00',4,0),('2015-10-21 18:00:00',5,0),('2015-10-21 19:00:00',1,222),('2015-10-21 19:00:00',2,0),('2015-10-21 19:00:00',3,0),('2015-10-21 19:00:00',4,0),('2015-10-21 19:00:00',5,0),('2015-10-21 20:00:00',1,384),('2015-10-21 20:00:00',2,0),('2015-10-21 20:00:00',3,0),('2015-10-21 20:00:00',4,0),('2015-10-21 20:00:00',5,0),('2015-10-21 21:00:00',1,747),('2015-10-21 21:00:00',2,0),('2015-10-21 21:00:00',3,0),('2015-10-21 21:00:00',4,0),('2015-10-21 21:00:00',5,0),('2015-10-21 22:00:00',1,338),('2015-10-21 22:00:00',2,0),('2015-10-21 22:00:00',3,0),('2015-10-21 22:00:00',4,0),('2015-10-21 22:00:00',5,0),('2015-10-21 23:00:00',1,102),('2015-10-21 23:00:00',2,0),('2015-10-21 23:00:00',3,0),('2015-10-21 23:00:00',4,0),('2015-10-21 23:00:00',5,0),('2015-10-22 00:00:00',1,97),('2015-10-22 00:00:00',2,0),('2015-10-22 00:00:00',3,0),('2015-10-22 00:00:00',4,0),('2015-10-22 00:00:00',5,0),('2015-10-22 01:00:00',1,81),('2015-10-22 01:00:00',2,0),('2015-10-22 01:00:00',3,0),('2015-10-22 01:00:00',4,0),('2015-10-22 01:00:00',5,0),('2015-10-22 02:00:00',1,115),('2015-10-22 02:00:00',2,0),('2015-10-22 02:00:00',3,0),('2015-10-22 02:00:00',4,0),('2015-10-22 02:00:00',5,0),('2015-10-22 03:00:00',1,85),('2015-10-22 03:00:00',2,0),('2015-10-22 03:00:00',3,0),('2015-10-22 03:00:00',4,0),('2015-10-22 03:00:00',5,0),('2015-10-22 04:00:00',1,95),('2015-10-22 04:00:00',2,0),('2015-10-22 04:00:00',3,0),('2015-10-22 04:00:00',4,0),('2015-10-22 04:00:00',5,0),('2015-10-22 05:00:00',1,92),('2015-10-22 05:00:00',2,0),('2015-10-22 05:00:00',3,0),('2015-10-22 05:00:00',4,0),('2015-10-22 05:00:00',5,0),('2015-10-22 06:00:00',1,90),('2015-10-22 06:00:00',2,0),('2015-10-22 06:00:00',3,0),('2015-10-22 06:00:00',4,0),('2015-10-22 06:00:00',5,0),('2015-10-22 07:00:00',1,82),('2015-10-22 07:00:00',2,0),('2015-10-22 07:00:00',3,0),('2015-10-22 07:00:00',4,0),('2015-10-22 07:00:00',5,0),('2015-10-22 08:00:00',1,69),('2015-10-22 08:00:00',2,0),('2015-10-22 08:00:00',3,0),('2015-10-22 08:00:00',4,0),('2015-10-22 08:00:00',5,0),('2015-10-22 09:00:00',1,121),('2015-10-22 09:00:00',2,0),('2015-10-22 09:00:00',3,0),('2015-10-22 09:00:00',4,0),('2015-10-22 09:00:00',5,0),('2015-10-22 10:00:00',1,71),('2015-10-22 10:00:00',2,0),('2015-10-22 10:00:00',3,0),('2015-10-22 10:00:00',4,0),('2015-10-22 10:00:00',5,0),('2015-10-22 11:00:00',1,178),('2015-10-22 11:00:00',2,0),('2015-10-22 11:00:00',3,0),('2015-10-22 11:00:00',4,0),('2015-10-22 11:00:00',5,0),('2015-10-22 12:00:00',1,118),('2015-10-22 12:00:00',2,0),('2015-10-22 12:00:00',3,0),('2015-10-22 12:00:00',4,0),('2015-10-22 12:00:00',5,0),('2015-10-22 13:00:00',1,152),('2015-10-22 13:00:00',2,0),('2015-10-22 13:00:00',3,0),('2015-10-22 13:00:00',4,0),('2015-10-22 13:00:00',5,0),('2015-10-22 14:00:00',1,124),('2015-10-22 14:00:00',2,0),('2015-10-22 14:00:00',3,0),('2015-10-22 14:00:00',4,0),('2015-10-22 14:00:00',5,0),('2015-10-22 15:00:00',1,388),('2015-10-22 15:00:00',2,0),('2015-10-22 15:00:00',3,0),('2015-10-22 15:00:00',4,0),('2015-10-22 15:00:00',5,0),('2015-10-22 16:00:00',1,168),('2015-10-22 16:00:00',2,0),('2015-10-22 16:00:00',3,0),('2015-10-22 16:00:00',4,0),('2015-10-22 16:00:00',5,0),('2015-10-22 17:00:00',1,161),('2015-10-22 17:00:00',2,0),('2015-10-22 17:00:00',3,0),('2015-10-22 17:00:00',4,0),('2015-10-22 17:00:00',5,0),('2015-10-22 18:00:00',1,239),('2015-10-22 18:00:00',2,0),('2015-10-22 18:00:00',3,0),('2015-10-22 18:00:00',4,0),('2015-10-22 18:00:00',5,0),('2015-10-22 19:00:00',1,253),('2015-10-22 19:00:00',2,0),('2015-10-22 19:00:00',3,0),('2015-10-22 19:00:00',4,0),('2015-10-22 19:00:00',5,0),('2015-10-22 20:00:00',1,208),('2015-10-22 20:00:00',2,0),('2015-10-22 20:00:00',3,0),('2015-10-22 20:00:00',4,0),('2015-10-22 20:00:00',5,0),('2015-10-22 21:00:00',1,300),('2015-10-22 21:00:00',2,0),('2015-10-22 21:00:00',3,0),('2015-10-22 21:00:00',4,0),('2015-10-22 21:00:00',5,0),('2015-10-22 22:00:00',1,356),('2015-10-22 22:00:00',2,0),('2015-10-22 22:00:00',3,0),('2015-10-22 22:00:00',4,0),('2015-10-22 22:00:00',5,0),('2015-10-22 23:00:00',1,45),('2015-10-22 23:00:00',2,0),('2015-10-22 23:00:00',3,0),('2015-10-22 23:00:00',4,0),('2015-10-22 23:00:00',5,0),('2015-10-23 00:00:00',1,372),('2015-10-23 00:00:00',2,0),('2015-10-23 00:00:00',3,0),('2015-10-23 00:00:00',4,0),('2015-10-23 00:00:00',5,0),('2015-10-23 01:00:00',1,54),('2015-10-23 01:00:00',2,0),('2015-10-23 01:00:00',3,0),('2015-10-23 01:00:00',4,0),('2015-10-23 01:00:00',5,0),('2015-10-23 02:00:00',1,84),('2015-10-23 02:00:00',2,0),('2015-10-23 02:00:00',3,0),('2015-10-23 02:00:00',4,0),('2015-10-23 02:00:00',5,0),('2015-10-23 03:00:00',1,82),('2015-10-23 03:00:00',2,0),('2015-10-23 03:00:00',3,0),('2015-10-23 03:00:00',4,0),('2015-10-23 03:00:00',5,0),('2015-10-23 04:00:00',1,78),('2015-10-23 04:00:00',2,0),('2015-10-23 04:00:00',3,0),('2015-10-23 04:00:00',4,0),('2015-10-23 04:00:00',5,0),('2015-10-23 05:00:00',1,77),('2015-10-23 05:00:00',2,0),('2015-10-23 05:00:00',3,0),('2015-10-23 05:00:00',4,0),('2015-10-23 05:00:00',5,0),('2015-10-23 06:00:00',1,77),('2015-10-23 06:00:00',2,0),('2015-10-23 06:00:00',3,0),('2015-10-23 06:00:00',4,0),('2015-10-23 06:00:00',5,0),('2015-10-23 07:00:00',1,54),('2015-10-23 07:00:00',2,0),('2015-10-23 07:00:00',3,0),('2015-10-23 07:00:00',4,0),('2015-10-23 07:00:00',5,0),('2015-10-23 08:00:00',1,60),('2015-10-23 08:00:00',2,0),('2015-10-23 08:00:00',3,0),('2015-10-23 08:00:00',4,0),('2015-10-23 08:00:00',5,0),('2015-10-23 09:00:00',1,76),('2015-10-23 09:00:00',2,0),('2015-10-23 09:00:00',3,0),('2015-10-23 09:00:00',4,0),('2015-10-23 09:00:00',5,0),('2015-10-23 10:00:00',1,171),('2015-10-23 10:00:00',2,0),('2015-10-23 10:00:00',3,0),('2015-10-23 10:00:00',4,0),('2015-10-23 10:00:00',5,0),('2015-10-23 11:00:00',1,212),('2015-10-23 11:00:00',2,0),('2015-10-23 11:00:00',3,0),('2015-10-23 11:00:00',4,0),('2015-10-23 11:00:00',5,0),('2015-10-23 12:00:00',1,108),('2015-10-23 12:00:00',2,0),('2015-10-23 12:00:00',3,0),('2015-10-23 12:00:00',4,0),('2015-10-23 12:00:00',5,0),('2015-10-23 13:00:00',1,180),('2015-10-23 13:00:00',2,0),('2015-10-23 13:00:00',3,0),('2015-10-23 13:00:00',4,0),('2015-10-23 13:00:00',5,0),('2015-10-23 14:00:00',1,101),('2015-10-23 14:00:00',2,0),('2015-10-23 14:00:00',3,0),('2015-10-23 14:00:00',4,0),('2015-10-23 14:00:00',5,0),('2015-10-23 15:00:00',1,500),('2015-10-23 15:00:00',2,0),('2015-10-23 15:00:00',3,0),('2015-10-23 15:00:00',4,0),('2015-10-23 15:00:00',5,0),('2015-10-23 16:00:00',1,84),('2015-10-23 16:00:00',2,0),('2015-10-23 16:00:00',3,0),('2015-10-23 16:00:00',4,0),('2015-10-23 16:00:00',5,0),('2015-10-23 17:00:00',1,70),('2015-10-23 17:00:00',2,0),('2015-10-23 17:00:00',3,0),('2015-10-23 17:00:00',4,0),('2015-10-23 17:00:00',5,0),('2015-10-23 18:00:00',1,95),('2015-10-23 18:00:00',2,0),('2015-10-23 18:00:00',3,0),('2015-10-23 18:00:00',4,0),('2015-10-23 18:00:00',5,0),('2015-10-23 19:00:00',1,113),('2015-10-23 19:00:00',2,0),('2015-10-23 19:00:00',3,0),('2015-10-23 19:00:00',4,0),('2015-10-23 19:00:00',5,0),('2015-10-23 20:00:00',1,206),('2015-10-23 20:00:00',2,0),('2015-10-23 20:00:00',3,0),('2015-10-23 20:00:00',4,0),('2015-10-23 20:00:00',5,0),('2015-10-23 21:00:00',1,388),('2015-10-23 21:00:00',2,0),('2015-10-23 21:00:00',3,0),('2015-10-23 21:00:00',4,0),('2015-10-23 21:00:00',5,0),('2015-10-23 22:00:00',1,429),('2015-10-23 22:00:00',2,0),('2015-10-23 22:00:00',3,0),('2015-10-23 22:00:00',4,0),('2015-10-23 22:00:00',5,0),('2015-10-23 23:00:00',1,271),('2015-10-23 23:00:00',2,0),('2015-10-23 23:00:00',3,0),('2015-10-23 23:00:00',4,0),('2015-10-23 23:00:00',5,0),('2015-10-24 00:00:00',1,352),('2015-10-24 00:00:00',2,0),('2015-10-24 00:00:00',3,0),('2015-10-24 00:00:00',4,0),('2015-10-24 00:00:00',5,0),('2015-10-24 01:00:00',1,97),('2015-10-24 01:00:00',2,0),('2015-10-24 01:00:00',3,0),('2015-10-24 01:00:00',4,0),('2015-10-24 01:00:00',5,0),('2015-10-24 02:00:00',1,70),('2015-10-24 02:00:00',2,0),('2015-10-24 02:00:00',3,0),('2015-10-24 02:00:00',4,0),('2015-10-24 02:00:00',5,0),('2015-10-24 03:00:00',1,91),('2015-10-24 03:00:00',2,0),('2015-10-24 03:00:00',3,0),('2015-10-24 03:00:00',4,0),('2015-10-24 03:00:00',5,0),('2015-10-24 04:00:00',1,150),('2015-10-24 04:00:00',2,0),('2015-10-24 04:00:00',3,0),('2015-10-24 04:00:00',4,0),('2015-10-24 04:00:00',5,0),('2015-10-24 05:00:00',1,69),('2015-10-24 05:00:00',2,0),('2015-10-24 05:00:00',3,0),('2015-10-24 05:00:00',4,0),('2015-10-24 05:00:00',5,0),('2015-10-24 06:00:00',1,62),('2015-10-24 06:00:00',2,0),('2015-10-24 06:00:00',3,0),('2015-10-24 06:00:00',4,0),('2015-10-24 06:00:00',5,0),('2015-10-24 07:00:00',1,78),('2015-10-24 07:00:00',2,0),('2015-10-24 07:00:00',3,0),('2015-10-24 07:00:00',4,0),('2015-10-24 07:00:00',5,0),('2015-10-24 08:00:00',1,78),('2015-10-24 08:00:00',2,0),('2015-10-24 08:00:00',3,0),('2015-10-24 08:00:00',4,0),('2015-10-24 08:00:00',5,0),('2015-10-24 09:00:00',1,72),('2015-10-24 09:00:00',2,0),('2015-10-24 09:00:00',3,0),('2015-10-24 09:00:00',4,0),('2015-10-24 09:00:00',5,0),('2015-10-24 10:00:00',1,79),('2015-10-24 10:00:00',2,0),('2015-10-24 10:00:00',3,0),('2015-10-24 10:00:00',4,0),('2015-10-24 10:00:00',5,0),('2015-10-24 11:00:00',1,115),('2015-10-24 11:00:00',2,0),('2015-10-24 11:00:00',3,0),('2015-10-24 11:00:00',4,0),('2015-10-24 11:00:00',5,0),('2015-10-24 12:00:00',1,210),('2015-10-24 12:00:00',2,0),('2015-10-24 12:00:00',3,0),('2015-10-24 12:00:00',4,0),('2015-10-24 12:00:00',5,0),('2015-10-24 13:00:00',1,51),('2015-10-24 13:00:00',2,0),('2015-10-24 13:00:00',3,0),('2015-10-24 13:00:00',4,0),('2015-10-24 13:00:00',5,0),('2015-10-24 14:00:00',1,199),('2015-10-24 14:00:00',2,0),('2015-10-24 14:00:00',3,0),('2015-10-24 14:00:00',4,0),('2015-10-24 14:00:00',5,0),('2015-10-24 15:00:00',1,139),('2015-10-24 15:00:00',2,0),('2015-10-24 15:00:00',3,0),('2015-10-24 15:00:00',4,0),('2015-10-24 15:00:00',5,0),('2015-10-24 16:00:00',1,109),('2015-10-24 16:00:00',2,0),('2015-10-24 16:00:00',3,0),('2015-10-24 16:00:00',4,0),('2015-10-24 16:00:00',5,0),('2015-10-24 17:00:00',1,172),('2015-10-24 17:00:00',2,0),('2015-10-24 17:00:00',3,0),('2015-10-24 17:00:00',4,0),('2015-10-24 17:00:00',5,0),('2015-10-24 18:00:00',1,1013),('2015-10-24 18:00:00',2,0),('2015-10-24 18:00:00',3,0),('2015-10-24 18:00:00',4,0),('2015-10-24 18:00:00',5,0),('2015-10-24 19:00:00',1,300),('2015-10-24 19:00:00',2,0),('2015-10-24 19:00:00',3,0),('2015-10-24 19:00:00',4,0),('2015-10-24 19:00:00',5,0),('2015-10-24 20:00:00',1,83),('2015-10-24 20:00:00',2,0),('2015-10-24 20:00:00',3,0),('2015-10-24 20:00:00',4,0),('2015-10-24 20:00:00',5,0),('2015-10-24 21:00:00',1,56),('2015-10-24 21:00:00',2,0),('2015-10-24 21:00:00',3,0),('2015-10-24 21:00:00',4,0),('2015-10-24 21:00:00',5,0),('2015-10-24 22:00:00',1,62),('2015-10-24 22:00:00',2,0),('2015-10-24 22:00:00',3,0),('2015-10-24 22:00:00',4,0),('2015-10-24 22:00:00',5,0),('2015-10-24 23:00:00',1,151),('2015-10-24 23:00:00',2,0),('2015-10-24 23:00:00',3,0),('2015-10-24 23:00:00',4,0),('2015-10-24 23:00:00',5,0),('2015-10-25 00:00:00',1,110),('2015-10-25 00:00:00',2,0),('2015-10-25 00:00:00',3,0),('2015-10-25 00:00:00',4,0),('2015-10-25 00:00:00',5,0),('2015-10-25 01:00:00',1,90),('2015-10-25 01:00:00',2,0),('2015-10-25 01:00:00',3,0),('2015-10-25 01:00:00',4,0),('2015-10-25 01:00:00',5,0),('2015-10-25 02:00:00',1,150),('2015-10-25 02:00:00',2,0),('2015-10-25 02:00:00',3,0),('2015-10-25 02:00:00',4,0),('2015-10-25 02:00:00',5,0),('2015-10-25 03:00:00',1,71),('2015-10-25 03:00:00',2,0),('2015-10-25 03:00:00',3,0),('2015-10-25 03:00:00',4,0),('2015-10-25 03:00:00',5,0),('2015-10-25 04:00:00',1,71),('2015-10-25 04:00:00',2,0),('2015-10-25 04:00:00',3,0),('2015-10-25 04:00:00',4,0),('2015-10-25 04:00:00',5,0),('2015-10-25 05:00:00',1,69),('2015-10-25 05:00:00',2,0),('2015-10-25 05:00:00',3,0),('2015-10-25 05:00:00',4,0),('2015-10-25 05:00:00',5,0),('2015-10-25 06:00:00',1,56),('2015-10-25 06:00:00',2,0),('2015-10-25 06:00:00',3,0),('2015-10-25 06:00:00',4,0),('2015-10-25 06:00:00',5,0),('2015-10-25 07:00:00',1,62),('2015-10-25 07:00:00',2,0),('2015-10-25 07:00:00',3,0),('2015-10-25 07:00:00',4,0),('2015-10-25 07:00:00',5,0),('2015-10-25 08:00:00',1,55),('2015-10-25 08:00:00',2,0),('2015-10-25 08:00:00',3,0),('2015-10-25 08:00:00',4,0),('2015-10-25 08:00:00',5,0),('2015-10-25 09:00:00',1,56),('2015-10-25 09:00:00',2,0),('2015-10-25 09:00:00',3,0),('2015-10-25 09:00:00',4,0),('2015-10-25 09:00:00',5,0),('2015-10-25 10:00:00',1,218),('2015-10-25 10:00:00',2,0),('2015-10-25 10:00:00',3,0),('2015-10-25 10:00:00',4,0),('2015-10-25 10:00:00',5,0),('2015-10-25 11:00:00',1,259),('2015-10-25 11:00:00',2,0),('2015-10-25 11:00:00',3,0),('2015-10-25 11:00:00',4,0),('2015-10-25 11:00:00',5,0),('2015-10-25 12:00:00',1,259),('2015-10-25 12:00:00',2,0),('2015-10-25 12:00:00',3,0),('2015-10-25 12:00:00',4,0),('2015-10-25 12:00:00',5,0),('2015-10-25 13:00:00',1,114),('2015-10-25 13:00:00',2,0),('2015-10-25 13:00:00',3,0),('2015-10-25 13:00:00',4,0),('2015-10-25 13:00:00',5,0),('2015-10-25 14:00:00',1,175),('2015-10-25 14:00:00',2,0),('2015-10-25 14:00:00',3,0),('2015-10-25 14:00:00',4,0),('2015-10-25 14:00:00',5,0),('2015-10-25 15:00:00',1,557),('2015-10-25 15:00:00',2,0),('2015-10-25 15:00:00',3,0),('2015-10-25 15:00:00',4,0),('2015-10-25 15:00:00',5,0),('2015-10-25 16:00:00',1,90),('2015-10-25 16:00:00',2,0),('2015-10-25 16:00:00',3,0),('2015-10-25 16:00:00',4,0),('2015-10-25 16:00:00',5,0),('2015-10-25 17:00:00',1,79),('2015-10-25 17:00:00',2,0),('2015-10-25 17:00:00',3,0),('2015-10-25 17:00:00',4,0),('2015-10-25 17:00:00',5,0),('2015-10-25 18:00:00',1,197),('2015-10-25 18:00:00',2,0),('2015-10-25 18:00:00',3,0),('2015-10-25 18:00:00',4,0),('2015-10-25 18:00:00',5,0),('2015-10-25 19:00:00',1,126),('2015-10-25 19:00:00',2,0),('2015-10-25 19:00:00',3,0),('2015-10-25 19:00:00',4,0),('2015-10-25 19:00:00',5,0),('2015-10-25 20:00:00',1,184),('2015-10-25 20:00:00',2,0),('2015-10-25 20:00:00',3,0),('2015-10-25 20:00:00',4,0),('2015-10-25 20:00:00',5,0),('2015-10-25 21:00:00',1,196),('2015-10-25 21:00:00',2,0),('2015-10-25 21:00:00',3,0),('2015-10-25 21:00:00',4,0),('2015-10-25 21:00:00',5,0),('2015-10-25 22:00:00',1,210),('2015-10-25 22:00:00',2,0),('2015-10-25 22:00:00',3,0),('2015-10-25 22:00:00',4,0),('2015-10-25 22:00:00',5,0),('2015-10-25 23:00:00',1,365),('2015-10-25 23:00:00',2,0),('2015-10-25 23:00:00',3,0),('2015-10-25 23:00:00',4,0),('2015-10-25 23:00:00',5,0),('2015-10-26 00:00:00',1,136),('2015-10-26 00:00:00',2,0),('2015-10-26 00:00:00',3,0),('2015-10-26 00:00:00',4,0),('2015-10-26 00:00:00',5,0),('2015-10-26 01:00:00',1,69),('2015-10-26 01:00:00',2,0),('2015-10-26 01:00:00',3,0),('2015-10-26 01:00:00',4,0),('2015-10-26 01:00:00',5,0),('2015-10-26 02:00:00',1,72),('2015-10-26 02:00:00',2,0),('2015-10-26 02:00:00',3,0),('2015-10-26 02:00:00',4,0),('2015-10-26 02:00:00',5,0),('2015-10-26 03:00:00',1,57),('2015-10-26 03:00:00',2,0),('2015-10-26 03:00:00',3,0),('2015-10-26 03:00:00',4,0),('2015-10-26 03:00:00',5,0),('2015-10-26 04:00:00',1,56),('2015-10-26 04:00:00',2,0),('2015-10-26 04:00:00',3,0),('2015-10-26 04:00:00',4,0),('2015-10-26 04:00:00',5,0),('2015-10-26 05:00:00',1,55),('2015-10-26 05:00:00',2,0),('2015-10-26 05:00:00',3,0),('2015-10-26 05:00:00',4,0),('2015-10-26 05:00:00',5,0),('2015-10-26 06:00:00',1,56),('2015-10-26 06:00:00',2,0),('2015-10-26 06:00:00',3,0),('2015-10-26 06:00:00',4,0),('2015-10-26 06:00:00',5,0),('2015-10-26 07:00:00',1,66),('2015-10-26 07:00:00',2,0),('2015-10-26 07:00:00',3,0),('2015-10-26 07:00:00',4,0),('2015-10-26 07:00:00',5,0),('2015-10-26 08:00:00',1,68),('2015-10-26 08:00:00',2,0),('2015-10-26 08:00:00',3,0),('2015-10-26 08:00:00',4,0),('2015-10-26 08:00:00',5,0),('2015-10-26 09:00:00',1,109),('2015-10-26 09:00:00',2,0),('2015-10-26 09:00:00',3,0),('2015-10-26 09:00:00',4,0),('2015-10-26 09:00:00',5,0),('2015-10-26 10:00:00',1,68),('2015-10-26 10:00:00',2,0),('2015-10-26 10:00:00',3,0),('2015-10-26 10:00:00',4,0),('2015-10-26 10:00:00',5,0),('2015-10-26 11:00:00',1,67),('2015-10-26 11:00:00',2,0),('2015-10-26 11:00:00',3,0),('2015-10-26 11:00:00',4,0),('2015-10-26 11:00:00',5,0),('2015-10-26 12:00:00',1,69),('2015-10-26 12:00:00',2,0),('2015-10-26 12:00:00',3,0),('2015-10-26 12:00:00',4,0),('2015-10-26 12:00:00',5,0),('2015-10-26 13:00:00',1,66),('2015-10-26 13:00:00',2,0),('2015-10-26 13:00:00',3,0),('2015-10-26 13:00:00',4,0),('2015-10-26 13:00:00',5,0),('2015-10-26 14:00:00',1,116),('2015-10-26 14:00:00',2,0),('2015-10-26 14:00:00',3,0),('2015-10-26 14:00:00',4,0),('2015-10-26 14:00:00',5,0),('2015-10-26 15:00:00',1,398),('2015-10-26 15:00:00',2,0),('2015-10-26 15:00:00',3,0),('2015-10-26 15:00:00',4,0),('2015-10-26 15:00:00',5,0),('2015-10-26 16:00:00',1,93),('2015-10-26 16:00:00',2,0),('2015-10-26 16:00:00',3,0),('2015-10-26 16:00:00',4,0),('2015-10-26 16:00:00',5,0),('2015-10-26 17:00:00',1,230),('2015-10-26 17:00:00',2,0),('2015-10-26 17:00:00',3,0),('2015-10-26 17:00:00',4,0),('2015-10-26 17:00:00',5,0),('2015-10-26 18:00:00',1,162),('2015-10-26 18:00:00',2,0),('2015-10-26 18:00:00',3,0),('2015-10-26 18:00:00',4,0),('2015-10-26 18:00:00',5,0),('2015-10-26 19:00:00',1,97),('2015-10-26 19:00:00',2,0),('2015-10-26 19:00:00',3,0),('2015-10-26 19:00:00',4,0),('2015-10-26 19:00:00',5,0),('2015-10-26 20:00:00',1,240),('2015-10-26 20:00:00',2,0),('2015-10-26 20:00:00',3,0),('2015-10-26 20:00:00',4,0),('2015-10-26 20:00:00',5,0),('2015-10-26 21:00:00',1,268),('2015-10-26 21:00:00',2,0),('2015-10-26 21:00:00',3,0),('2015-10-26 21:00:00',4,0),('2015-10-26 21:00:00',5,0),('2015-10-26 22:00:00',1,305),('2015-10-26 22:00:00',2,0),('2015-10-26 22:00:00',3,0),('2015-10-26 22:00:00',4,0),('2015-10-26 22:00:00',5,0),('2015-10-26 23:00:00',1,359),('2015-10-26 23:00:00',2,0),('2015-10-26 23:00:00',3,0),('2015-10-26 23:00:00',4,0),('2015-10-26 23:00:00',5,0),('2015-10-27 00:00:00',1,350),('2015-10-27 00:00:00',2,0),('2015-10-27 00:00:00',3,0),('2015-10-27 00:00:00',4,0),('2015-10-27 00:00:00',5,0),('2015-10-27 01:00:00',1,55),('2015-10-27 01:00:00',2,0),('2015-10-27 01:00:00',3,0),('2015-10-27 01:00:00',4,0),('2015-10-27 01:00:00',5,0),('2015-10-27 02:00:00',1,68),('2015-10-27 02:00:00',2,0),('2015-10-27 02:00:00',3,0),('2015-10-27 02:00:00',4,0),('2015-10-27 02:00:00',5,0),('2015-10-27 03:00:00',1,76),('2015-10-27 03:00:00',2,0),('2015-10-27 03:00:00',3,0),('2015-10-27 03:00:00',4,0),('2015-10-27 03:00:00',5,0),('2015-10-27 04:00:00',1,75),('2015-10-27 04:00:00',2,0),('2015-10-27 04:00:00',3,0),('2015-10-27 04:00:00',4,0),('2015-10-27 04:00:00',5,0),('2015-10-27 05:00:00',1,73),('2015-10-27 05:00:00',2,0),('2015-10-27 05:00:00',3,0),('2015-10-27 05:00:00',4,0),('2015-10-27 05:00:00',5,0),('2015-10-27 06:00:00',1,75),('2015-10-27 06:00:00',2,0),('2015-10-27 06:00:00',3,0),('2015-10-27 06:00:00',4,0),('2015-10-27 06:00:00',5,0),('2015-10-27 07:00:00',1,74),('2015-10-27 07:00:00',2,0),('2015-10-27 07:00:00',3,0),('2015-10-27 07:00:00',4,0),('2015-10-27 07:00:00',5,0),('2015-10-27 08:00:00',1,79),('2015-10-27 08:00:00',2,0),('2015-10-27 08:00:00',3,0),('2015-10-27 08:00:00',4,0),('2015-10-27 08:00:00',5,0),('2015-10-27 09:00:00',1,102),('2015-10-27 09:00:00',2,0),('2015-10-27 09:00:00',3,0),('2015-10-27 09:00:00',4,0),('2015-10-27 09:00:00',5,0),('2015-10-27 10:00:00',1,69),('2015-10-27 10:00:00',2,0),('2015-10-27 10:00:00',3,0),('2015-10-27 10:00:00',4,0),('2015-10-27 10:00:00',5,0),('2015-10-27 11:00:00',1,211),('2015-10-27 11:00:00',2,0),('2015-10-27 11:00:00',3,0),('2015-10-27 11:00:00',4,0),('2015-10-27 11:00:00',5,0),('2015-10-27 12:00:00',1,122),('2015-10-27 12:00:00',2,0),('2015-10-27 12:00:00',3,0),('2015-10-27 12:00:00',4,0),('2015-10-27 12:00:00',5,0),('2015-10-27 13:00:00',1,158),('2015-10-27 13:00:00',2,0),('2015-10-27 13:00:00',3,0),('2015-10-27 13:00:00',4,0),('2015-10-27 13:00:00',5,0),('2015-10-27 14:00:00',1,686),('2015-10-27 14:00:00',2,0),('2015-10-27 14:00:00',3,0),('2015-10-27 14:00:00',4,0),('2015-10-27 14:00:00',5,0),('2015-10-27 15:00:00',1,98),('2015-10-27 15:00:00',2,0),('2015-10-27 15:00:00',3,0),('2015-10-27 15:00:00',4,0),('2015-10-27 15:00:00',5,0),('2015-10-27 16:00:00',1,63),('2015-10-27 16:00:00',2,0),('2015-10-27 16:00:00',3,0),('2015-10-27 16:00:00',4,0),('2015-10-27 16:00:00',5,0),('2015-10-27 17:00:00',1,167),('2015-10-27 17:00:00',2,0),('2015-10-27 17:00:00',3,0),('2015-10-27 17:00:00',4,0),('2015-10-27 17:00:00',5,0),('2015-10-27 18:00:00',1,186),('2015-10-27 18:00:00',2,0),('2015-10-27 18:00:00',3,0),('2015-10-27 18:00:00',4,0),('2015-10-27 18:00:00',5,0),('2015-10-27 19:00:00',1,74),('2015-10-27 19:00:00',2,0),('2015-10-27 19:00:00',3,0),('2015-10-27 19:00:00',4,0),('2015-10-27 19:00:00',5,0),('2015-10-27 20:00:00',1,163),('2015-10-27 20:00:00',2,0),('2015-10-27 20:00:00',3,0),('2015-10-27 20:00:00',4,0),('2015-10-27 20:00:00',5,0),('2015-10-27 21:00:00',1,491),('2015-10-27 21:00:00',2,0),('2015-10-27 21:00:00',3,0),('2015-10-27 21:00:00',4,0),('2015-10-27 21:00:00',5,0);
/*!40000 ALTER TABLE `media_hora_fechada` ENABLE KEYS */;
UNLOCK TABLES;

--
-- Table structure for table `usuario`
--

DROP TABLE IF EXISTS `usuario`;
/*!40101 SET @saved_cs_client     = @@character_set_client */;
/*!40101 SET character_set_client = utf8 */;
CREATE TABLE `usuario` (
  `id` int(10) unsigned NOT NULL AUTO_INCREMENT,
  `nome` char(255) NOT NULL,
  `email` char(255) NOT NULL,
  `senha` char(64) NOT NULL,
  PRIMARY KEY (`id`)
) ENGINE=InnoDB AUTO_INCREMENT=4 DEFAULT CHARSET=latin1;
/*!40101 SET character_set_client = @saved_cs_client */;

--
-- Dumping data for table `usuario`
--

LOCK TABLES `usuario` WRITE;
/*!40000 ALTER TABLE `usuario` DISABLE KEYS */;
INSERT INTO `usuario` VALUES (1,'admin','admin@gmail.com','admin'),(2,'Ederson','grupoedersonegcna7@gmail.com','teste123'),(3,'Vinicius','vinicius91carvalho@gmail.com','vininewgay');
/*!40000 ALTER TABLE `usuario` ENABLE KEYS */;
UNLOCK TABLES;
/*!40103 SET TIME_ZONE=@OLD_TIME_ZONE */;

/*!40101 SET SQL_MODE=@OLD_SQL_MODE */;
/*!40014 SET FOREIGN_KEY_CHECKS=@OLD_FOREIGN_KEY_CHECKS */;
/*!40014 SET UNIQUE_CHECKS=@OLD_UNIQUE_CHECKS */;
/*!40101 SET CHARACTER_SET_CLIENT=@OLD_CHARACTER_SET_CLIENT */;
/*!40101 SET CHARACTER_SET_RESULTS=@OLD_CHARACTER_SET_RESULTS */;
/*!40101 SET COLLATION_CONNECTION=@OLD_COLLATION_CONNECTION */;
/*!40111 SET SQL_NOTES=@OLD_SQL_NOTES */;

-- Dump completed on 2015-10-27 20:51:24
